{"id":"63fae4ce-f405-4196-b5bd-965efc4ca777","alias":"MyClientMattersWebPart","componentType":"WebPart","version":"0.0.1","manifestVersion":2,"requiresCustomScript":false,"supportedHosts":["SharePointWebPart"],"preconfiguredEntries":[{"groupId":"5c03119e-3074-46fd-976b-c60198311f70","group":{"default":"Other"},"title":{"default":"MyClientMatters"},"description":{"default":"MyClientMatters description"},"officeFabricIconFontName":"Page","iconImageUrl":"http://media2.vault.com/20769/mofo_logo.jpg","properties":{"title":"My Client Matters"}}],"loaderConfig":{"entryModuleId":"my-client-matters-web-part","internalModuleBaseUrls":["https://morrisonfoerster.sharepoint.com/sites/UPSQA/SiteAssets/spfx/mofo-extranet/"],"scriptResources":{"my-client-matters-web-part":{"type":"path","path":"my-client-matters-web-part_b0fdcf873f01375424276924bd187df7.js"},"MyClientMattersWebPartStrings":{"defaultPath":"mofo-extranet-myclientmatterswebpartstrings_en-us_536e65149b0acf4d52c0043073b9fc59.js","type":"localizedPath","paths":{}},"ControlStrings":{"defaultPath":"mofo-extranet-controlstrings_en-us_1e961a41cbc896aaaeae4fd7637791a8.js","type":"localizedPath","paths":{"eu-ES":"mofo-extranet-controlstrings_eu-es_bdd4fbcb9c89d185f22bedcf3fee3629.js","bg-BG":"mofo-extranet-controlstrings_bg-bg_86cf6e61785574b78bfcbf34362d79df.js","en-US":"mofo-extranet-controlstrings_en-us_1e961a41cbc896aaaeae4fd7637791a8.js","bn":"mofo-extranet-controlstrings_en-us_1e961a41cbc896aaaeae4fd7637791a8.js","chr":"mofo-extranet-controlstrings_en-us_1e961a41cbc896aaaeae4fd7637791a8.js","dv":"mofo-extranet-controlstrings_en-us_1e961a41cbc896aaaeae4fd7637791a8.js","div":"mofo-extranet-controlstrings_en-us_1e961a41cbc896aaaeae4fd7637791a8.js","en":"mofo-extranet-controlstrings_en-us_1e961a41cbc896aaaeae4fd7637791a8.js","fil":"mofo-extranet-controlstrings_en-us_1e961a41cbc896aaaeae4fd7637791a8.js","haw":"mofo-extranet-controlstrings_en-us_1e961a41cbc896aaaeae4fd7637791a8.js","iu":"mofo-extranet-controlstrings_en-us_1e961a41cbc896aaaeae4fd7637791a8.js","lo":"mofo-extranet-controlstrings_en-us_1e961a41cbc896aaaeae4fd7637791a8.js","moh":"mofo-extranet-controlstrings_en-us_1e961a41cbc896aaaeae4fd7637791a8.js","ca-ES":"mofo-extranet-controlstrings_ca-es_aec0026fb77697a207f7ac9a19f79256.js","de-DE":"mofo-extranet-controlstrings_de-de_5730a261321114baa50dd12456654eec.js","de":"mofo-extranet-controlstrings_de-de_5730a261321114baa50dd12456654eec.js","dsb":"mofo-extranet-controlstrings_de-de_5730a261321114baa50dd12456654eec.js","rm":"mofo-extranet-controlstrings_de-de_5730a261321114baa50dd12456654eec.js","hsb":"mofo-extranet-controlstrings_de-de_5730a261321114baa50dd12456654eec.js","es-ES":"mofo-extranet-controlstrings_es-es_a2fea7dbe6556ece426a972298e77bc4.js","gn":"mofo-extranet-controlstrings_es-es_a2fea7dbe6556ece426a972298e77bc4.js","quz":"mofo-extranet-controlstrings_es-es_a2fea7dbe6556ece426a972298e77bc4.js","es":"mofo-extranet-controlstrings_es-es_a2fea7dbe6556ece426a972298e77bc4.js","ca-ES-valencia":"mofo-extranet-controlstrings_es-es_a2fea7dbe6556ece426a972298e77bc4.js","et-EE":"mofo-extranet-controlstrings_et-ee_36ae15c1ee0d293f1b79dbe93858ad16.js","da-DK":"mofo-extranet-controlstrings_da-dk_564ca6f61ec747f717031e549df0b5e5.js","fo":"mofo-extranet-controlstrings_da-dk_564ca6f61ec747f717031e549df0b5e5.js","kl":"mofo-extranet-controlstrings_da-dk_564ca6f61ec747f717031e549df0b5e5.js","el-GR":"mofo-extranet-controlstrings_el-gr_b26d69531ca4f3ef628ca09805a89a8a.js","el":"mofo-extranet-controlstrings_el-gr_b26d69531ca4f3ef628ca09805a89a8a.js","fi-FI":"mofo-extranet-controlstrings_fi-fi_c995af8be13f941357612e0c64b442c0.js","sms":"mofo-extranet-controlstrings_fi-fi_c995af8be13f941357612e0c64b442c0.js","se-FI":"mofo-extranet-controlstrings_fi-fi_c995af8be13f941357612e0c64b442c0.js","se-Latn-FI":"mofo-extranet-controlstrings_fi-fi_c995af8be13f941357612e0c64b442c0.js","fr-FR":"mofo-extranet-controlstrings_fr-fr_2769daa82e3301b5213e45ef545790cb.js","gsw":"mofo-extranet-controlstrings_fr-fr_2769daa82e3301b5213e45ef545790cb.js","br":"mofo-extranet-controlstrings_fr-fr_2769daa82e3301b5213e45ef545790cb.js","tzm-Tfng":"mofo-extranet-controlstrings_fr-fr_2769daa82e3301b5213e45ef545790cb.js","co":"mofo-extranet-controlstrings_fr-fr_2769daa82e3301b5213e45ef545790cb.js","fr":"mofo-extranet-controlstrings_fr-fr_2769daa82e3301b5213e45ef545790cb.js","ff":"mofo-extranet-controlstrings_fr-fr_2769daa82e3301b5213e45ef545790cb.js","lb":"mofo-extranet-controlstrings_fr-fr_2769daa82e3301b5213e45ef545790cb.js","mg":"mofo-extranet-controlstrings_fr-fr_2769daa82e3301b5213e45ef545790cb.js","oc":"mofo-extranet-controlstrings_fr-fr_2769daa82e3301b5213e45ef545790cb.js","zgh":"mofo-extranet-controlstrings_fr-fr_2769daa82e3301b5213e45ef545790cb.js","wo":"mofo-extranet-controlstrings_fr-fr_2769daa82e3301b5213e45ef545790cb.js","it-IT":"mofo-extranet-controlstrings_it-it_d82bb28313c8fb5d97c6f72e643e090f.js","it":"mofo-extranet-controlstrings_it-it_d82bb28313c8fb5d97c6f72e643e090f.js","lv-LV":"mofo-extranet-controlstrings_lv-lv_0ca9ae86df851b21258e45da6f4aeacf.js","ja-JP":"mofo-extranet-controlstrings_ja-jp_d824aedbed5053a9d5f47a060b15a635.js","lt-LT":"mofo-extranet-controlstrings_lt-lt_36feb1023fd7b2dc0a0a423d19a9dd4d.js","nb-NO":"mofo-extranet-controlstrings_nb-no_7cd54ff8733e4fb3baf4ccd40d17dc0e.js","no":"mofo-extranet-controlstrings_nb-no_7cd54ff8733e4fb3baf4ccd40d17dc0e.js","nb":"mofo-extranet-controlstrings_nb-no_7cd54ff8733e4fb3baf4ccd40d17dc0e.js","nn":"mofo-extranet-controlstrings_nb-no_7cd54ff8733e4fb3baf4ccd40d17dc0e.js","smj-NO":"mofo-extranet-controlstrings_nb-no_7cd54ff8733e4fb3baf4ccd40d17dc0e.js","smj-Latn-NO":"mofo-extranet-controlstrings_nb-no_7cd54ff8733e4fb3baf4ccd40d17dc0e.js","se-NO":"mofo-extranet-controlstrings_nb-no_7cd54ff8733e4fb3baf4ccd40d17dc0e.js","se-Latn-NO":"mofo-extranet-controlstrings_nb-no_7cd54ff8733e4fb3baf4ccd40d17dc0e.js","sma-Latn":"mofo-extranet-controlstrings_nb-no_7cd54ff8733e4fb3baf4ccd40d17dc0e.js","sma-NO":"mofo-extranet-controlstrings_nb-no_7cd54ff8733e4fb3baf4ccd40d17dc0e.js","pl-PL":"mofo-extranet-controlstrings_pl-pl_ebc482b5cc4473117c0f611dc1971e98.js","pt-PT":"mofo-extranet-controlstrings_pt-pt_0d68bcccf94aef847b110331a8fd28de.js","pt":"mofo-extranet-controlstrings_pt-pt_0d68bcccf94aef847b110331a8fd28de.js","nl-NL":"mofo-extranet-controlstrings_nl-nl_39ca571963a1764d111d129f7adad4dc.js","nl":"mofo-extranet-controlstrings_nl-nl_39ca571963a1764d111d129f7adad4dc.js","fy":"mofo-extranet-controlstrings_nl-nl_39ca571963a1764d111d129f7adad4dc.js","ro-RO":"mofo-extranet-controlstrings_ro-ro_4a594821b99ff9d5851728d3638944ba.js","ro":"mofo-extranet-controlstrings_ro-ro_4a594821b99ff9d5851728d3638944ba.js","ru-RU":"mofo-extranet-controlstrings_ru-ru_243d2f5696cc1c8c1a266a68e5ad4572.js","ru":"mofo-extranet-controlstrings_ru-ru_243d2f5696cc1c8c1a266a68e5ad4572.js","ba":"mofo-extranet-controlstrings_ru-ru_243d2f5696cc1c8c1a266a68e5ad4572.js","be":"mofo-extranet-controlstrings_ru-ru_243d2f5696cc1c8c1a266a68e5ad4572.js","ky":"mofo-extranet-controlstrings_ru-ru_243d2f5696cc1c8c1a266a68e5ad4572.js","mn":"mofo-extranet-controlstrings_ru-ru_243d2f5696cc1c8c1a266a68e5ad4572.js","sah":"mofo-extranet-controlstrings_ru-ru_243d2f5696cc1c8c1a266a68e5ad4572.js","tg":"mofo-extranet-controlstrings_ru-ru_243d2f5696cc1c8c1a266a68e5ad4572.js","tt":"mofo-extranet-controlstrings_ru-ru_243d2f5696cc1c8c1a266a68e5ad4572.js","tk":"mofo-extranet-controlstrings_ru-ru_243d2f5696cc1c8c1a266a68e5ad4572.js","sk-SK":"mofo-extranet-controlstrings_sk-sk_a0d54304df7ebcc93f3a27b8cd531d72.js","sk":"mofo-extranet-controlstrings_sk-sk_a0d54304df7ebcc93f3a27b8cd531d72.js","sr-Latn-RS":"mofo-extranet-controlstrings_sr-latn-rs_1f9560c2272adae2893fc421ebe52873.js","sr":"mofo-extranet-controlstrings_sr-latn-rs_1f9560c2272adae2893fc421ebe52873.js","tr-TR":"mofo-extranet-controlstrings_tr-tr_5a350350fc0beae2a026f900854b165c.js","tr":"mofo-extranet-controlstrings_tr-tr_5a350350fc0beae2a026f900854b165c.js","sv-SE":"mofo-extranet-controlstrings_sv-se_3981c0a4e548f5accfcc4fec39a67fc2.js","smj":"mofo-extranet-controlstrings_sv-se_3981c0a4e548f5accfcc4fec39a67fc2.js","se":"mofo-extranet-controlstrings_sv-se_3981c0a4e548f5accfcc4fec39a67fc2.js","sv":"mofo-extranet-controlstrings_sv-se_3981c0a4e548f5accfcc4fec39a67fc2.js","sma-SE":"mofo-extranet-controlstrings_sv-se_3981c0a4e548f5accfcc4fec39a67fc2.js","sma-Latn-SE":"mofo-extranet-controlstrings_sv-se_3981c0a4e548f5accfcc4fec39a67fc2.js","zh-TW":"mofo-extranet-controlstrings_zh-tw_2098490a8bd28f0bdba7b69e8f788a9d.js","zh-HK":"mofo-extranet-controlstrings_zh-tw_2098490a8bd28f0bdba7b69e8f788a9d.js","zh-CHT":"mofo-extranet-controlstrings_zh-tw_2098490a8bd28f0bdba7b69e8f788a9d.js","zh-Hant":"mofo-extranet-controlstrings_zh-tw_2098490a8bd28f0bdba7b69e8f788a9d.js","zh-MO":"mofo-extranet-controlstrings_zh-tw_2098490a8bd28f0bdba7b69e8f788a9d.js","vi-VN":"mofo-extranet-controlstrings_vi-vn_4f1ca3bead2450707995c1c05f9f2a9e.js","vi":"mofo-extranet-controlstrings_vi-vn_4f1ca3bead2450707995c1c05f9f2a9e.js","zh-CN":"mofo-extranet-controlstrings_zh-cn_c3225ebd6f04b49a42c71327f8294af0.js","zh":"mofo-extranet-controlstrings_zh-cn_c3225ebd6f04b49a42c71327f8294af0.js","mn-Mong":"mofo-extranet-controlstrings_zh-cn_c3225ebd6f04b49a42c71327f8294af0.js","bo":"mofo-extranet-controlstrings_zh-cn_c3225ebd6f04b49a42c71327f8294af0.js","ug":"mofo-extranet-controlstrings_zh-cn_c3225ebd6f04b49a42c71327f8294af0.js","ii":"mofo-extranet-controlstrings_zh-cn_c3225ebd6f04b49a42c71327f8294af0.js"}},"react":{"type":"component","version":"16.8.5","id":"0d910c1c-13b9-4e1c-9aa4-b008c5e42d7d"},"react-dom":{"type":"component","version":"16.8.5","id":"aa0a46ec-1505-43cd-a44a-93f3a5aa460a"},"@microsoft/sp-core-library":{"type":"component","version":"1.9.1","id":"7263c7d0-1d6a-45ec-8d85-d4d1d234171b"},"@microsoft/sp-webpart-base":{"type":"component","version":"1.9.1","id":"974a7777-0990-4136-8fa6-95d80114c2e0"}}}}