{"id":"65aa4284-1c4f-419b-8a64-6792627e3935","alias":"CaseSummaryWebPart","componentType":"WebPart","version":"0.0.1","manifestVersion":2,"requiresCustomScript":false,"supportedHosts":["SharePointWebPart"],"preconfiguredEntries":[{"groupId":"5c03119e-3074-46fd-976b-c60198311f70","group":{"default":"Other"},"title":{"default":"CaseSummary"},"description":{"default":"CaseSummary description"},"officeFabricIconFontName":"Page","properties":{"title":"Case Summary"}}],"loaderConfig":{"entryModuleId":"case-summary-web-part","internalModuleBaseUrls":["https://morrisonfoerster.sharepoint.com/sites/UPSQA/SiteAssets/spfx/mofo-extranet/"],"scriptResources":{"case-summary-web-part":{"type":"path","path":"case-summary-web-part_9e3a11314a0cc16f731ef650c15934ce.js"},"CaseSummaryWebPartStrings":{"defaultPath":"mofo-extranet-casesummarywebpartstrings_en-us_536e65149b0acf4d52c0043073b9fc59.js","type":"localizedPath","paths":{}},"react":{"type":"component","version":"16.8.5","id":"0d910c1c-13b9-4e1c-9aa4-b008c5e42d7d"},"react-dom":{"type":"component","version":"16.8.5","id":"aa0a46ec-1505-43cd-a44a-93f3a5aa460a"},"@microsoft/sp-core-library":{"type":"component","version":"1.9.1","id":"7263c7d0-1d6a-45ec-8d85-d4d1d234171b"},"@microsoft/sp-webpart-base":{"type":"component","version":"1.9.1","id":"974a7777-0990-4136-8fa6-95d80114c2e0"}}}}