{
  "module": {
    "rules": [
      {
        "use": [
          {
            "loader": "C:\\Users\\Suresh Rajana\\Desktop\\MofoExtranet\\mofo-extranet\\node_modules\\@microsoft\\loader-load-themed-styles\\lib\\index.js",
            "options": {
              "async": true
            }
          },
          {
            "loader": "C:\\Users\\Suresh Rajana\\Desktop\\MofoExtranet\\mofo-extranet\\node_modules\\@microsoft\\sp-build-core-tasks\\node_modules\\css-loader\\index.js",
            "options": {
              "minimize": true
            }
          }
        ],
        "test": {}
      },
      {
        "use": [
          {
            "loader": "C:\\Users\\Suresh Rajana\\Desktop\\MofoExtranet\\mofo-extranet\\node_modules\\@microsoft\\loader-cased-file\\lib\\index.js",
            "options": {
              "name": "[name:lower]_[hash].[ext]"
            }
          }
        ],
        "test": {}
      },
      {
        "use": [
          {
            "loader": "C:\\Users\\Suresh Rajana\\Desktop\\MofoExtranet\\mofo-extranet\\node_modules\\html-loader\\index.js"
          }
        ],
        "test": {}
      },
      {
        "test": {},
        "enforce": "pre",
        "use": "C:\\Users\\Suresh Rajana\\Desktop\\MofoExtranet\\mofo-extranet\\node_modules\\source-map-loader\\index.js"
      }
    ],
    "noParse": [
      {}
    ]
  },
  "resolve": {
    "alias": {},
    "modules": [
      "node_modules",
      "lib"
    ]
  },
  "context": "C:\\Users\\Suresh Rajana\\Desktop\\MofoExtranet\\mofo-extranet",
  "devtool": "source-map",
  "mode": "development",
  "entry": {
    "my-client-matters-web-part": "C:\\Users\\Suresh Rajana\\Desktop\\MofoExtranet\\mofo-extranet\\lib\\webparts\\myClientMatters\\MyClientMattersWebPart.js",
    "case-summary-web-part": "C:\\Users\\Suresh Rajana\\Desktop\\MofoExtranet\\mofo-extranet\\lib\\webparts\\caseSummary\\CaseSummaryWebPart.js",
    "user-invite-m-anager-web-part": "C:\\Users\\Suresh Rajana\\Desktop\\MofoExtranet\\mofo-extranet\\lib\\webparts\\userInviteMAnager\\UserInviteMAnagerWebPart.js"
  },
  "externals": [
    "@microsoft/sp-lodash-subset",
    "@microsoft/sp-core-library",
    "@microsoft/sp-office-ui-fabric-core",
    "@microsoft/decorators",
    "@microsoft/sp-diagnostics",
    "@microsoft/sp-dynamic-data",
    "@microsoft/sp-polyfills",
    "@microsoft/sp-http",
    "@microsoft/office-ui-fabric-react-bundle",
    "@microsoft/sp-page-context",
    "@microsoft/sp-loader",
    "@microsoft/sp-component-base",
    "@microsoft/sp-property-pane",
    "@microsoft/sp-webpart-base",
    "@microsoft/sp-extension-base",
    "@microsoft/sp-application-base",
    "@microsoft/sp-client-preview",
    "@microsoft/sp-webpart-workbench",
    "react",
    "react-dom",
    "MyClientMattersWebPartStrings",
    "ControlStrings",
    "CaseSummaryWebPartStrings",
    "UserInviteMAnagerWebPartStrings"
  ],
  "output": {
    "chunkFilename": "[id].[name]_[chunkhash].js",
    "filename": "[name].js",
    "library": "87d49f07b08c1f9a8c75183216917155",
    "libraryTarget": "amd",
    "path": "C:\\Users\\Suresh Rajana\\Desktop\\MofoExtranet\\mofo-extranet\\dist",
    "devtoolModuleFilenameTemplate": "webpack:///../[resource-path]",
    "devtoolFallbackModuleFilenameTemplate": "webpack:///../[resource-path]?[hash]"
  },
  "plugins": [
    {
      "options": {
        "scriptName": {
          "name": "\\/[name](_[a-z0-9-]+)*\\\\.js",
          "isTokenized": true
        }
      }
    },
    {
      "definitions": {
        "process.env.NODE_ENV": "\"dev\"",
        "DEBUG": true,
        "DEPRECATED_UNIT_TEST": false,
        "NPM_BUILD": false,
        "DATACENTER": true
      }
    },
    {
      "opts": {
        "analyzerMode": "static",
        "analyzerHost": "127.0.0.1",
        "reportFilename": "C:\\Users\\Suresh Rajana\\Desktop\\MofoExtranet\\mofo-extranet\\temp\\stats\\mofo-extranet.stats.html",
        "defaultSizes": "parsed",
        "openAnalyzer": false,
        "generateStatsFile": true,
        "statsFilename": "C:\\Users\\Suresh Rajana\\Desktop\\MofoExtranet\\mofo-extranet\\temp\\stats\\mofo-extranet.stats.json",
        "statsOptions": null,
        "excludeAssets": null,
        "logLevel": "error",
        "startAnalyzer": true,
        "analyzerPort": 8888
      },
      "server": null,
      "logger": {
        "activeLevels": {}
      }
    }
  ]
}